id,date,start(ET),visitor,pts(visitor),home,pts(home),attend
0,"Tue, Oct 17, 2017",20:01,Boston Celtics,99,Cleveland Cavaliers,102,"20,562"
1,"Tue, Oct 17, 2017",22:30,Houston Rockets,122,Golden State Warriors,121,"19,596"
2,"Wed, Oct 18, 2017",19:30,Milwaukee Bucks,108,Boston Celtics,100,"18,624"
3,"Wed, Oct 18, 2017",20:30,Atlanta Hawks,117,Dallas Mavericks,111,"19,709"
4,"Wed, Oct 18, 2017",19:00,Charlotte Hornets,90,Detroit Pistons,102,"20,491"
5,"Wed, Oct 18, 2017",19:00,Brooklyn Nets,131,Indiana Pacers,140,"15,008"
6,"Wed, Oct 18, 2017",20:00,New Orleans Pelicans,91,Memphis Grizzlies,103,"17,794"
7,"Wed, Oct 18, 2017",19:00,Miami Heat,109,Orlando Magic,116,"18,846"
8,"Wed, Oct 18, 2017",22:00,Portland Trail Blazers,124,Phoenix Suns,76,"18,055"
9,"Wed, Oct 18, 2017",22:00,Houston Rockets,105,Sacramento Kings,100,"17,583"
10,"Wed, Oct 18, 2017",21:30,Minnesota Timberwolves,99,San Antonio Spurs,107,"18,418"
11,"Wed, Oct 18, 2017",21:00,Denver Nuggets,96,Utah Jazz,106,"17,588"
12,"Wed, Oct 18, 2017",19:00,Philadelphia 76ers,115,Washington Wizards,120,"20,356"
13,"Thu, Oct 19, 2017",22:30,Los Angeles Clippers,108,Los Angeles Lakers,92,"18,997"
14,"Thu, Oct 19, 2017",20:00,New York Knicks,84,Oklahoma City Thunder,105,"18,203"
15,"Thu, Oct 19, 2017",19:30,Chicago Bulls,100,Toronto Raptors,117,"19,800"
16,"Fri, Oct 20, 2017",19:30,Orlando Magic,121,Brooklyn Nets,126,"16,144"
17,"Fri, Oct 20, 2017",19:00,Atlanta Hawks,91,Charlotte Hornets,109,"18,417"
18,"Fri, Oct 20, 2017",20:30,Sacramento Kings,93,Dallas Mavericks,88,"19,273"
19,"Fri, Oct 20, 2017",19:00,Portland Trail Blazers,114,Indiana Pacers,96,"15,325"
20,"Fri, Oct 20, 2017",19:00,Cleveland Cavaliers,116,Milwaukee Bucks,97,"18,717"
21,"Fri, Oct 20, 2017",20:00,Utah Jazz,97,Minnesota Timberwolves,100,"18,978"
22,"Fri, Oct 20, 2017",21:30,Golden State Warriors,128,New Orleans Pelicans,120,"18,171"
23,"Fri, Oct 20, 2017",19:00,Boston Celtics,102,Philadelphia 76ers,92,"20,816"
24,"Fri, Oct 20, 2017",22:00,Los Angeles Lakers,132,Phoenix Suns,130,"18,055"
25,"Fri, Oct 20, 2017",19:00,Detroit Pistons,111,Washington Wizards,115,"16,337"
26,"Sat, Oct 21, 2017",20:00,San Antonio Spurs,87,Chicago Bulls,77,"21,640"
27,"Sat, Oct 21, 2017",20:00,Orlando Magic,114,Cleveland Cavaliers,93,"20,562"
28,"Sat, Oct 21, 2017",21:00,Sacramento Kings,79,Denver Nuggets,96,"19,520"
29,"Sat, Oct 21, 2017",20:00,Dallas Mavericks,91,Houston Rockets,107,"18,055"
30,"Sat, Oct 21, 2017",22:30,Phoenix Suns,88,Los Angeles Clippers,130,"19,068"
31,"Sat, Oct 21, 2017",20:00,Golden State Warriors,101,Memphis Grizzlies,111,"17,794"
32,"Sat, Oct 21, 2017",20:00,Indiana Pacers,108,Miami Heat,112,"19,600"
33,"Sat, Oct 21, 2017",20:30,Portland Trail Blazers,110,Milwaukee Bucks,113,"16,211"
34,"Sat, Oct 21, 2017",20:00,Detroit Pistons,111,New York Knicks,107,"19,812"
35,"Sat, Oct 21, 2017",19:30,Philadelphia 76ers,94,Toronto Raptors,128,"19,800"
36,"Sat, Oct 21, 2017",21:00,Oklahoma City Thunder,87,Utah Jazz,96,"18,300"
37,"Sun, Oct 22, 2017",15:30,Atlanta Hawks,104,Brooklyn Nets,116,"13,917"
38,"Sun, Oct 22, 2017",21:30,New Orleans Pelicans,119,Los Angeles Lakers,112,"18,997"
39,"Sun, Oct 22, 2017",19:00,Minnesota Timberwolves,115,Oklahoma City Thunder,113,"18,203"
40,"Mon, Oct 23, 2017",20:30,Golden State Warriors,133,Dallas Mavericks,103,"19,875"
41,"Mon, Oct 23, 2017",21:00,Washington Wizards,109,Denver Nuggets,104,"14,294"
42,"Mon, Oct 23, 2017",19:00,Philadelphia 76ers,97,Detroit Pistons,86,"13,709"
43,"Mon, Oct 23, 2017",20:00,Memphis Grizzlies,98,Houston Rockets,90,"17,129"
44,"Mon, Oct 23, 2017",19:30,Atlanta Hawks,93,Miami Heat,104,"19,600"
45,"Mon, Oct 23, 2017",20:00,Charlotte Hornets,94,Milwaukee Bucks,103,"12,887"
46,"Mon, Oct 23, 2017",22:00,Sacramento Kings,115,Phoenix Suns,117,"14,903"
47,"Mon, Oct 23, 2017",20:30,Toronto Raptors,97,San Antonio Spurs,101,"18,418"
48,"Tue, Oct 24, 2017",19:30,New York Knicks,89,Boston Celtics,110,"18,624"
49,"Tue, Oct 24, 2017",19:00,Chicago Bulls,112,Cleveland Cavaliers,119,"20,562"
50,"Tue, Oct 24, 2017",22:30,Utah Jazz,84,Los Angeles Clippers,102,"16,607"
51,"Tue, Oct 24, 2017",20:00,Indiana Pacers,130,Minnesota Timberwolves,107,"14,353"
52,"Tue, Oct 24, 2017",19:00,Brooklyn Nets,121,Orlando Magic,125,"16,015"
53,"Tue, Oct 24, 2017",22:00,New Orleans Pelicans,93,Portland Trail Blazers,103,"19,446"
54,"Wed, Oct 25, 2017",19:30,Cleveland Cavaliers,107,Brooklyn Nets,112,"17,732"
55,"Wed, Oct 25, 2017",19:00,Denver Nuggets,93,Charlotte Hornets,110,"14,253"
56,"Wed, Oct 25, 2017",20:30,Memphis Grizzlies,94,Dallas Mavericks,103,"19,674"
57,"Wed, Oct 25, 2017",19:00,Minnesota Timberwolves,101,Detroit Pistons,122,"13,790"
58,"Wed, Oct 25, 2017",22:30,Toronto Raptors,112,Golden State Warriors,117,"19,596"
59,"Wed, Oct 25, 2017",22:30,Washington Wizards,99,Los Angeles Lakers,102,"18,996"
60,"Wed, Oct 25, 2017",20:00,San Antonio Spurs,117,Miami Heat,100,"19,600"
61,"Wed, Oct 25, 2017",20:00,Indiana Pacers,96,Oklahoma City Thunder,114,"18,203"
62,"Wed, Oct 25, 2017",19:00,Houston Rockets,105,Philadelphia 76ers,104,"20,682"
63,"Wed, Oct 25, 2017",22:00,Utah Jazz,88,Phoenix Suns,97,"16,022"
64,"Thu, Oct 26, 2017",20:00,Atlanta Hawks,86,Chicago Bulls,91,"21,104"
65,"Thu, Oct 26, 2017",20:00,Dallas Mavericks,91,Memphis Grizzlies,96,"15,839"
66,"Thu, Oct 26, 2017",20:00,Boston Celtics,96,Milwaukee Bucks,89,"11,046"
67,"Thu, Oct 26, 2017",22:00,Los Angeles Clippers,104,Portland Trail Blazers,103,"18,694"
68,"Thu, Oct 26, 2017",22:30,New Orleans Pelicans,114,Sacramento Kings,106,"17,583"
69,"Fri, Oct 27, 2017",19:30,Denver Nuggets,105,Atlanta Hawks,100,"16,220"
70,"Fri, Oct 27, 2017",19:00,Houston Rockets,109,Charlotte Hornets,93,"17,339"
71,"Fri, Oct 27, 2017",22:30,Washington Wizards,117,Golden State Warriors,120,"19,596"
72,"Fri, Oct 27, 2017",22:30,Toronto Raptors,101,Los Angeles Lakers,92,"17,876"
73,"Fri, Oct 27, 2017",20:00,Oklahoma City Thunder,116,Minnesota Timberwolves,119,"17,620"
74,"Fri, Oct 27, 2017",19:30,Brooklyn Nets,86,New York Knicks,107,"19,812"
75,"Fri, Oct 27, 2017",19:00,San Antonio Spurs,87,Orlando Magic,114,"17,337"
76,"Sat, Oct 28, 2017",20:00,Oklahoma City Thunder,101,Chicago Bulls,69,"21,706"
77,"Sat, Oct 28, 2017",20:30,Philadelphia 76ers,112,Dallas Mavericks,110,"19,567"
78,"Sat, Oct 28, 2017",22:30,Detroit Pistons,95,Los Angeles Clippers,87,"17,247"
79,"Sat, Oct 28, 2017",20:00,Houston Rockets,89,Memphis Grizzlies,103,"17,033"
80,"Sat, Oct 28, 2017",20:00,Boston Celtics,96,Miami Heat,90,"19,600"
81,"Sat, Oct 28, 2017",19:00,Cleveland Cavaliers,101,New Orleans Pelicans,123,"18,539"
82,"Sat, Oct 28, 2017",22:00,Phoenix Suns,107,Portland Trail Blazers,114,"19,343"
83,"Sat, Oct 28, 2017",21:00,Los Angeles Lakers,81,Utah Jazz,96,"18,306"
84,"Sun, Oct 29, 2017",15:30,Milwaukee Bucks,117,Atlanta Hawks,106,"14,014"
85,"Sun, Oct 29, 2017",18:00,Denver Nuggets,124,Brooklyn Nets,111,"14,854"
86,"Sun, Oct 29, 2017",18:00,Orlando Magic,113,Charlotte Hornets,120,"15,531"
87,"Sun, Oct 29, 2017",19:00,New York Knicks,114,Cleveland Cavaliers,95,"20,562"
88,"Sun, Oct 29, 2017",20:30,Detroit Pistons,115,Golden State Warriors,107,"19,596"
89,"Sun, Oct 29, 2017",16:30,San Antonio Spurs,94,Indiana Pacers,97,"15,013"
90,"Sun, Oct 29, 2017",18:00,Washington Wizards,110,Sacramento Kings,83,"17,583"
91,"Mon, Oct 30, 2017",19:30,San Antonio Spurs,94,Boston Celtics,108,"18,624"
92,"Mon, Oct 30, 2017",20:00,Philadelphia 76ers,115,Houston Rockets,107,"16,714"
93,"Mon, Oct 30, 2017",22:30,Golden State Warriors,141,Los Angeles Clippers,113,"19,068"
94,"Mon, Oct 30, 2017",20:00,Charlotte Hornets,104,Memphis Grizzlies,99,"15,771"
95,"Mon, Oct 30, 2017",19:30,Minnesota Timberwolves,125,Miami Heat,122,"19,600"
96,"Mon, Oct 30, 2017",20:00,Orlando Magic,115,New Orleans Pelicans,99,"14,004"
97,"Mon, Oct 30, 2017",19:30,Denver Nuggets,110,New York Knicks,116,"19,812"
98,"Mon, Oct 30, 2017",22:00,Toronto Raptors,99,Portland Trail Blazers,85,"18,505"
99,"Mon, Oct 30, 2017",21:00,Dallas Mavericks,89,Utah Jazz,104,"16,221"
100,"Tue, Oct 31, 2017",19:30,Phoenix Suns,122,Brooklyn Nets,114,"12,936"
101,"Tue, Oct 31, 2017",19:00,Sacramento Kings,83,Indiana Pacers,101,"12,245"
102,"Tue, Oct 31, 2017",22:30,Detroit Pistons,93,Los Angeles Lakers,113,"17,569"
103,"Tue, Oct 31, 2017",20:00,Oklahoma City Thunder,110,Milwaukee Bucks,91,"16,713"
